 #;2022 GTMI Indicators & Sub-indicators EN;Response options & Data format EN;2022 GTMI Indicators & Sub-indicators NL;Response options & Data format NL;Official Data
I-1;Is there a shared cloud platform available for all government entities?;0= No, 1= Only cloud strategy/policy (no platform yet), 2= Yes (platform in use);Is er een gedeeld cloud platform beschikbaar voor alle overheids organisaties?;0= Nee, 1= Alleen cloud strategie/beleid (nog geen platform), 2= Ja (platform in gebruik);2
I-1.1;Name of the Government Cloud platform;Text;Naam van het Overheids Cloud platform;Tekst;OpenStack
I-1.2;Cloud platform / strategy URL;URL;Cloud platform / strategie URL;URL;https://joinup.ec.europa.eu/collection/open-source-observatory-osor/document/open-source-makes-dutch-government-cloud-reality
I-1.3;Government Cloud was launched / will be launched in (year);YYYY;Overheids Cloud gelanceerd / zal worden gelanceerd in (jaar);YYYY;2015
I-1.4;Type of cloud platform established;0= Unknown, 1= Public (Commercial), 2= Private (Government), 3= Hybrid;Type beschikbaar cloud platform;0= Onbekend, 1= Publiek (Commercieel), 2= Privaat (Overheid), 3= Hybride;1
I-1.5;Official name of the entity operating the Government Cloud platform;Text;Officiële naam van de organisatie die het Overheids Cloud platform beheert;Tekst;Ministry of Interior
I-1.6;Government Cloud data hosting policy?;0= No policy / Unknown, 1= Keeping data inside the country, 2= Keeping data outside the country, 3= Hybrid (inside + outside);Beleid voor datahosting Overheids Cloud?;0= Geen beleid / Onbekend, 1= Data binnen het land opslaan, 2= Data buiten het land opslaan, 3= Hybride (binnen + buiten);0
I-1.6.1;If there is a cloud hosting policy > Supporting document (report / URL);Enter URL (public link) or Attach relevant report;Als er een beleid voor cloudhosting is > Ondersteunend document (rapport / URL);Voer URL in (publieke link) of Voeg relevant report toe;-
I-1.7;Cloud services provided;0= Unknown, 1= SaaS, 2= PaaS, 3= IaaS, 4= XaaS;Verstrekte cloudservices;0= Onbekend, 1= SaaS, 2= PaaS, 3= IaaS, 4= XaaS;3
I-1.8;Is there one shared Government Cloud platform or several?;0= Unknown, 1= Several cloud platforms (Central/Local levels), 2= One shared cloud platform;Is er één gedeelde Overheids Cloud of meerdere?;0= Onbekend, 1= Verschillende cloud platforms (Centrale/Lokale levels), 2= Eén gedeeld cloud platform;2
I-1.9;Monitoring & publishing of cloud usage, security, savings, etc.?;0= No, 1= Yes (internal, not published),  2= Yes (public, published);Monitoren & publicatie van cloudgebruik, beveiliging, besparing, enz.?;0= Nee, 1= Ja (intern, niet gepubliceerd),  2= Ja (publiek, gepubliceerd);1
I-1.9.1;If Yes > Supporting document (report / URL);Enter URL (public link) or Attach relevant report;Indien ja > ondersteunend document (rapport / URL);Voer URL in (publieke link) of Voeg relevant report toe;Not published
I-2;Is there a government enterprise architecture framework?;0= No, 1= In draft / Planned, 2= Yes;Is er een overheids enterprise-architectuur framework?;0= Nee, 1= Concept / Gepland, 2= Ja;2
I-2.1;Name of the GEA framework;Text;Naam van de Overheids Enterprise Architectuur;Tekst;NORA
I-2.2;GEA framework / draft URL;URL;Enterprise Architectuur / concept URL;URL;https://www.digitaleoverheid.nl/overzicht-van-alle-onderwerpen/basisregistraties-en-stelselafspraken/nora/
I-2.3;GEA was introduced / will be introduced in (year);YYYY;Enterprise Architectuur is ingevoerd / zal worden ingevoerd in (jaar);YYYY;2009
I-2.4;GEA operational status;0= Unknown, 1= Partially used, 2= Extensively used;Operationele status Enterprise Architectuur;0= Onbekend, 1= Gedeeltelijk gebruikt, 2= Uitgebreid gebruikt;2
I-2.5;GEA scope > Is there a shared GEA?;0= Unknown, 1= Fragmented (Separate Central/Local), 2= Shared Central+Local (WoG);Bereik of scope Enterprise Architectuur > is er één gedeelde Enterprise Architectuur;0= Onbekend, 1= Gefragmenteerd (Centraal en Lokaal gescheiden), 2= Gezamenlijk Centraal+Lokaal (WoG);2
I-2.6;Which entity is maintaining/extending GEA?;0= Unknown, 1= Ministry level Chief Information Officer 2= Government CIO, 3= Other;Welke organisatie onderhoudt / uitbreidt de Enterprise Architectuur;0= Onbekend, 1= Ministerieel niveau Chief Information Officer, 2= Overheids CIO, 3= Anders;1
I-2.7;Which entity is monitoring compliance with GEA?;0= Unknown, 1= Ministry level Chief Information Officer 2= Government CIO, 3= Other;Welke organisatie houdt toezicht op naleving van de Enterprise Architectuur;0= Onbekend, 1= Ministerieel niveau Chief Information Officer, 2= Overheids CIO, 3= Anders;1
I-2.8;Monitoring & publishing of GEA usage, compliance, benefits, etc.?;0= No, 1= Yes (internal, not published),  2= Yes (public, published);Monitoren & publicatie van Enterprise Architectuur gebruik, naleving, voordelen, enz.?;0= Nee, 1= Ja (intern, niet gepubliceerd), 2= Ja (publiek, gepubliceerd);1
I-2.8.1;If Yes > Supporting document (report / URL);Enter URL (public link) or Attach relevant report;Indien ja > ondersteunend document (rapport / URL);Voer URL in (publieke link) of Voeg relevant rapport toe;Not public
I-3;Is there a government interoperability framework?;0= No, 1= In draft / Planned, 2= Yes ;Is er een overheids interoperabiliteits framework?;0= Nee, 1= Concept / Gepland, 2= Ja;2
I-3.1;Title of the GIF report;Text;Titel van het interoperabiliteits framework;Tekst;NORA Online
I-3.2;GIF report / draft URL;URL;Interoperabiliteits framework rapport / concept URL;URL;https://www.noraonline.nl/wiki/Vijflaagsmodel
I-3.3;GIF was introduced / will be introduced in (year);YYYY;Interoperabiliteits framework is ingevoerd / zal worden ingevoerd in (jaar);YYYY;2009
I-3.4;GIF operational status;0= Unknown, 1= Partially used, 2= Extensively used;Operationele status Interoperabiliteits framework;0= Onbekend, 1= Gedeeltelijk gebruikt, 2= Uitgebreid gebruikt;2
I-3.5;GIF scope > Is there a shared GIF?;0= Unknown, 1= Fragmented (Separate Central/Local), 2= Shared Central+Local (WoG);Bereik of scope Interoperabiliteits framework > is er één gedeelde Interoperabiliteits framework?;0= Onbekend, 1= Gefragmenteerd (Centraal en Lokaal gescheiden), 2= Gezamenlijk Centraal+Lokaal (WoG);2
I-3.6;Is there a data quality framework?;0= No, 1= Yes;Is er een data kwaliteits framework?;0= Nee, 1= Ja;1
I-3.7;Is there a system to monitor the 'uptime' of government information systems?;0= No, 1= Yes;Is er een systeem om de 'uptime' van overheids informatiesystemen te monitoren?;0= Nee, 1= Ja;1
I-3.8;Is there guidance for replacing legacy government information systems?;0= No, 1= Yes;Zijn er richtlijnen voor het vervangen van verouderde overheids informatiesystemen?;0= Nee, 1= Ja;0
I-3.9;Monitoring & publishing of GIF usage, compliance, benefits?;0= No, 1= Yes (internal, not published),  2= Yes (public, published);Monitoren & publicatie van Interoperabiliteits framework gebruik, naleving, voordelen?;0= Nee, 1= Ja (intern, niet gepubliceerd), 2= Ja (publiek, gepubliceerd);1
I-3.9.1;If Yes > Supporting document (report / URL);Enter URL (public link) or Attach relevant report;Indien ja > ondersteunend document (rapport / URL);Voer URL in (publieke link) of Voeg relevant rapport toe;Not public
I-4;Is there a government service bus platform?;0= No, 1= In draft / Planned, 2= Yes (platform in use);Is er een government service bus platform?;0= Nee, 1= Concept / Gepland, 2= Ja (Platform in gebruik);2
I-4.1;Name of the Government Service Bus platform;Text;Naam van de government service bus platform;Tekst;Digipoort
I-4.2;GSB platform URL;URL;Government service bus platform URL;URL;https://www.logius.nl/diensten/digipoort
I-4.3;GSB platform was launched / will be launched in (year);YYYY;Government service bus platform is ingevoerd / zal worden ingevoerd in (jaar);YYYY;2019
I-4.4;GSB operational status;0= Unknown, 1= Partially used, 2= Extensively used;Government service bus platform operationele status;0= Onbekend, 1= Gedeeltelijk gebruikt, 2= Uitgebreid gebruikt;2
I-4.5;GSB scope > Is there a shared GSB platform?;0= Unknown, 1= Fragmented (Separate Central/Local), 2= Shared Central+Local (WoG);Government service bus platform bereik of scope > is er één gedeelde Government service bus platform?;0= Onbekend, 1= Gefragmenteerd (Centraal en Lokaal gescheiden), 2= Gezamenlijk Centraal+Lokaal (WoG);2
I-4.6;Monitoring & publishing of GSB usage, security, savings?;0= No, 1= Yes (internal, not published),  2= Yes (public, published);Monitoren & publicatie van Government service bus platform gebruik, beveiliging, besparing?;0= Nee, 1= Ja (intern, niet gepubliceerd), 2= Ja (publiek, gepubliceerd);0
I-4.6.1;If Yes > Supporting document (report / URL);Enter URL (public link) or Attach relevant report ;Indien ja > ondersteunend document (rapport / URL);Voer URL in (publieke link) of Voeg relevant rapport toe;-
I-5;Is there an operational FMIS in place to support core PFM functions?;0= No/Unknown, 1= Implementation in progress, 2= Yes (in use);Is er een operationeel Financial Management Information System (FMIS) om de kern functies van Public Financial Management (PFM) te ondersteunen?;0= Nee/Onbekend, 1= Implementatie in uitvoering, 2= Ja (in gebruik);2
I-5.1;Official name of Finance Ministry / Department operating FMIS;Text;Officiële naam van het Ministerie van Financiën / Departement dat FMIS beheert;Tekst;Ministerie van Financiën - Finance Ministry, Netherlands
I-5.2;Finance Ministry / Department home page URL;URL;URL van de startpagina van het Ministerie van Financiën / Departement;URL;https://www.government.nl/ministries/ministry-of-finance
I-5.3;Name of the FMIS platform;Text;Naam van het FMIS-platform;Tekst;IBOS - National Budget Information System
I-5.4;FMIS platform URL;URL;URL van het FMIS platform;URL;https://www.oecd.org/netherlands/43411548.pdf
I-5.5;FMIS was launched / will be launched in (year);YYYY;FMIS gelanceerd / zal worden gelanceerd in (jaar);YYYY;2003
I-5.6;FMIS functional capabilities;0= Unknown, 1= Treasury (execution), 2= T + Budget (preparation), 3= T + B + Other;Functionele mogelijkheden van FMIS;0= Onbekend, 1= Schatkist (uitvoering), 2= Schatkist + Begroting (voorbereiding), 3= Schatkist + Begroting + Overig;2
I-5.7;Scope of FMIS (coverage of budgets);0= Unknown, 1= Central gov, 2= Central + Local gov;Bereik of scope van FMIS (dekking van budgetten);0= Onbekend, 1= Centrale overheid, 2= Centrale + Lokale overheid;2
I-5.8;Type of FMIS software;0= Unknown, 1= Custom Software, 2= Commercial/COTS Software, 3= Hybrid (Custom + COTS);Type FMIS software;0= Onbekend, 1= Maatwerk Software, 2= Commerciële/COTS Software, 3= Hybride (Maatwerk + COTS);1
I-5.9;Name of FMIS software package: Name of FMIS software package: \nIf custom software > Please enter LDSW (Locally Developed Software)\nIf commercial package > Please enter the name of Commercial-off-the-shelf (COTS) package\nIf hybrid > Please enter LDSW + COTS package name;Text;Naam FMIS software. Als het maatwerksoftware is > Voer LDSW in (Lokaal Developed Software).\nAls het een commercieel pakket is > Voer de naam van het Commercieel-off-the-shelf (COTS) pakket in. Als het een hybride is > Voer LDSW + naam COTS-pakket in.;Tekst;LDSW
I-5.10;Is there a unified budget classification/chart of accounts?;0= No 1= Yes (Central government only) 2= Yes (Both central and sub-national government);Is er een uniforme budgetclassificatie/rekeningschema?;0= Nee 1= Ja (Alleen centrale overheid) 2= Ja (zowel centrale als sub-nationale overheid);1
I-5.11;Does FMIS capture expenses linked to the SDGs and other strategic goals?;0= No 1= Partially 2= Extensively;Legt FMIS uitgaven vast die gekoppeld zijn aan de SDG's en andere strategische doelen?;0= Nee 1= Gedeeltelijk 2= Uitgebreid;Not public
I-5.12;Does FMIS capture non-financial data (KPIs) on programs/projects?;0= No 1= Partially (Some of the KPIs for selected programs) 2= Extensively (KPIs captured for most of the programs);Legt FMIS niet-financiële gegevens (KPI's) vast over programma's/projecten?;0= Nee 1= Gedeeltelijk (Sommige KPI's voor geselecteerde programma's) 2= Uitgebreid (KPI's vastgelegd voor de meeste programma's);2
I-5.13;Does FMIS exchange data with other systems?;0= No, 1= Yes (via separate interfaces) 2= Yes (via Government Service Bus);Wisselt FMIS gegevens uit met andere systemen?;0= Nee, 1= Ja (via afzonderlijke interfaces) 2= Ja (via Government Service Bus);https://www.dsta.nl/
I-5.14;Governance of FMIS operations (compliance, security, audit trails, etc.)?;0= No, 1= Yes (internal, not published),  2= Yes (public, published);Beheer van FMIS-operaties (naleving, beveiliging, audit trails, etc.)?;0= Nee, 1= Ja (intern, niet gepubliceerd),  2= Ja (publiek, gepubliceerd);1841
I-5.14.1;If Yes > Supporting document (report / URL);Enter URL (public link) or Attach relevant report;Indien ja > ondersteunend document (rapport / URL);Voer URL in (publieke link) of Voeg relevant rapport toe;https://zoek.officielebekendmakingen.nl/stcrt-2020-34988.html
I-6;Is there a TSA supported by FMIS to automate payments and bank reconciliation?;0= No, 1= Implementation in progress, 2= Yes (in use);Is er een Treasury Single Account (TSA) ondersteund door FMIS om betalingen en bankverrekeningen te automatiseren?;0= Nee, 1= Implementatie in uitvoering, 2= Ja (in gebruik);2009
I-6.1;Treasury home page URL;URL;URL van de startpagina van de TSA;URL;2
I-6.2;Treasury was established / will be established in (year);YYYY;TSA opgericht / zal worden opgericht in (jaar);YYYY;3
I-6.3;TSA regulation / introduction website URL;URL;TSA-regelgeving / introductiewebsite URL;URL;2
I-6.4;TSA was launched / will be launched in (year);YYYY;TSA is gelanceerd / zal worden gelanceerd in (jaar);YYYY;0
I-6.5;Scope of TSA operations;0= Unknown, 1= Partially used by the MDAs, 2= Extensively used by all MDAs;Bereik of scope van TSA-operaties;0= Onbekend, 1= Gedeeltelijk gebruikt door de publieke organisaties, 2= Uitgebreid gebruikt door alle publieke organisaties;-
I-6.6;Type of electronic payment systems in place;0= Unknown, 1= RTGS (Real-Time Gross Settlement), 2= FPS / ACH (Fast Payment System / Automated Clearinghouse System), 3= Both RTGS & FPS/ACH;Type elektronisch betalingssysteem;0= Onbekend, 1= RTGS (Real-Time Gross Settlement), 2= FPS / ACH (Fast Payment System / Automated Clearinghouse System), 3= Beide RTGS & FPS/ACH;2
I-6.7;Is there a TSA interface linking FMIS with the Central Bank systems?;0= No, 1= Implementation in progress, 2= Yes (in use);Is er een TSA-interface die FMIS verbindt met de systemen van de Centrale Bank?;0= Nee, 1= Implementatie in uitvoering, 2= Ja (in gebruik);https://www.government.nl/topics/income-tax
I-6.8;Governance of TSA operations (compliance, security, audit trails, etc.)?;0= No, 1= Yes (internal, not published),  2= Yes (public, published);Beheer van TSA-operaties (naleving, beveiliging, audit trails, etc.)?;0= Nee, 1= Ja (intern, niet gepubliceerd),  2= Ja (publiek, gepubliceerd);1798
I-6.8.1;If Yes > Supporting document (report / URL);Enter URL (public link) or Attach relevant report;Indien ja > ondersteunend document (rapport / URL);Voer URL in (publieke link) of Voeg relevant rapport toe;e-Tax / MyTax - e-Tax and other portals
I-7;Is there a Tax Management Information System in place?;0= No, 1= Implementation in progress, 2= Yes (in use);Is er een Belasting Management Informatiesysteem (TMIS) in gebruik?;0= Nee, 1= Implementatie in uitvoering, 2= Ja (in gebruik);https://www.belastingdienst.nl/wps/wcm/connect/bldcontentnl/belastingdienst/prive/toeslagen/inloggen_op_mijn_toeslagen
I-7.1;Tax Administration home page URL;URL;URL van de startpagina van de Belastingdienst;URL;2007
I-7.2;Tax Administration was established / will be established in (year);YYYY;Belastingdienst is opgericht / zal worden opgericht in (jaar);YYYY;2
I-7.3;Name of the TMIS platform;Text;Naam van het TMIS-platform;Tekst;1
I-7.4;TMIS platform URL;URL;URL van het TMIS-platform;URL;0
I-7.5;TMIS was launched / will be launched in (year);YYYY;TMIS is gelanceerd / zal worden gelanceerd in (jaar);YYYY;-
I-7.6;Type of TMIS software;0= Unknown, 1= Custom Software, 2= Commercial/COTS Software, 3= Hybrid (Custom + COTS);Type TMIS-software;0= Onbekend, 1= Maatwerk Software, 2= Commerciële/COTS Software, 3= Hybride (Maatwerk + COTS);2
I-7.7;Does TMIS exchange data with other systems?;0= No, 1= Yes (via separate interfaces) 2= Yes (via Government Service Bus);Wisselt TMIS gegevens uit met andere systemen?;0= Nee, 1= Ja (via verschillende interfaces) 2= Ja (via Government Service Bus);https://www.government.nl/topics/export-import-and-customs
I-7.8;Governance of TMIS operations (compliance, security, audit trails, etc.)?;0= No, 1= Yes (internal, not published),  2= Yes (public, published);Beheer van TMIS-operaties (naleving, beveiliging, audit trails, etc.)?;0= Nee, 1= Ja (intern, niet gepubliceerd),  2= Ja (publiek, gepubliceerd);1798
I-7.8.1;If Yes > Supporting document (report / URL);Enter URL (public link) or Attach relevant report;Indien ja > ondersteunend document (rapport / URL);Voer URL in (publieke link) of Voeg relevant rapport toe;DMS, DMF / MSW 3.4 - Declaration Management System / Maritime Single Window
I-8;Is there a Customs Management Information System in place?;0= No, 1= Implementation in progress, 2= Yes (in use);Is er een Douane Management Informatiesysteem (CMIS) in gebruik?;0= Nee, 1= Implementatie in uitvoering, 2= Ja (in gebruik);https://www.oswo.nl/swodouane/mod/forum/index.php?id=4401&lang=en_utf8
I-8.1;Customs Administration home page URL;URL;URL van de startpagina portaal van de Douaneadministratie;URL;2009
I-8.2;Customs Administration was established / will be established in (year);YYYY;Douaneadministratie is opgericht / zal worden opgericht in (jaar);YYYY;2
I-8.3;Name of the CMIS;Text;Naam van de CMIS / portaal;Tekst;1
I-8.4;CMIS platform URL;URL;URL van het CMIS portaal;URL;1
I-8.5;CMIS was launched / will be launched in (year);YYYY;CMIS is gelanceerd / zal worden gelanceerd in (jaar);YYYY;0
I-8.6;Type of CMIS software;0= Unknown, 1= Custom Software, 2= Commercial/COTS Software, 3= Hybrid (Custom + COTS);Type CMIS-software;0= Onbekend, 1= Maatwerk Software, 2= Commerciële/COTS Software, 3= Hybride (Maatwerk + COTS);-
I-8.7;Customs and Tax administrations merged?;0= No, 1= Yes;Zijn douane- en belastingadministraties samengevoegd?;0= Nee, 1= Ja;2
I-8.8;Does CMIS exchange data with other systems?;0= No, 1= Yes (via separate interfaces) 2= Yes (via Government Service Bus);Wisselt CMIS portaal gegevens uit met andere systemen?;0= Nee, 1= Ja (via verschillende interfaces) 2= Ja (via Government Service Bus);p-Direkt - Shared Services for Personnel Management and Payroll
I-8.9;Governance of CMIS operations (compliance, security, audit trails, etc.)?;0= No, 1= Yes (internal, not published),  2= Yes (public, published);Beheer van CMIS-operaties (naleving, beveiliging, audit trails, etc.)?;0= Nee, 1= Ja (intern, niet gepubliceerd),  2= Ja (publiek, gepubliceerd);http://www.p-direkt.nl
I-8.9.1;If Yes > Supporting document (report / URL);Enter URL (public link) or Attach relevant report;Zo ja > Ondersteunend document (rapport / URL);Voer URL in (publieke link) of Voeg relevant rapport toe;2010
I-9;Is there a Human Resources Management Information System with self-service portal?;0= No, 1= Implementation in progress, 2= Yes (in use);Is er een Human Resources Management Informatiesysteem (HRMIS) met zelfbedieningsportaal?;0= Nee, 1= Implementatie in uitvoering, 2= Ja (in gebruik);2
I-9.1;Name of the HRMIS platform (public sector);Text;Naam van het HRMIS-platform (publieke sector);Tekst;3
I-9.2;HRMIS platform URL;URL;URL van het HRMIS-platform;URL;2
I-9.3;HRMIS was launched / will be launched in (year);YYYY;HRMIS is gelanceerd / zal worden gelanceerd in (jaar);YYYY;1
I-9.4;Type of HRMIS software;0= Unknown, 1= Custom Software, 2= Commercial/COTS Software, 3= Hybrid (Custom + COTS);Type HRMIS-software;0= Onbekend, 1= Maatwerk Software, 2= Commerciële/COTS Software, 3= Hybride (Maatwerk + COTS);0
I-9.5;HRMIS topology;0= Unknown, 1= Disconnected, 2= Distributed, 3= Connected, 4= Shared;Topologie van HRMIS;0= Onbekend, 1= Niet verbonden, 2= Gedistribueerd, 3= Verbonden, 4= Gedeeld;0
I-9.6;Is there a HRMIS self-service portal for employees and managers?;0= No 1= Yes (but there are still manual processes/paperwork) 2= Yes (most of the services are online/digitized);Is er een HRMIS zelfbedieningsportaal voor werknemers en managers?;0= Nee 1= Ja (maar er zijn nog steeds handmatige processen/papierwerk) 2= Ja (de meeste diensten zijn online / gedigitaliseerd);-
I-9.7;Does HRMIS exchange data with other systems?;0= No, 1= Yes (via separate interfaces) 2= Yes (via Government Service Bus);Wisselt HRMIS gegevens uit met andere systemen?;0= Nee, 1= Ja (via verschillende interfaces) 2= Yes (via Government Service Bus);2
I-9.8;Does HRMIS use national ID as primary or secondary identifier?;0= No, 1= Yes;Gebruikt HRMIS het nationale ID als primaire of secundaire identificatie?;0= Nee, 1= Ja;p-Direkt - Shared Services for Personnel Management and Payroll
I-9.9;Governance of HRMIS operations (registers, security, audit trails, etc.)?;0= No, 1= Yes (internal, not published),  2= Yes (public, published);Beheer van HRMIS-operaties (registers, beveiliging, audit trails, etc.)?;0= Nee, 1= Ja (intern, niet gepubliceerd),  2= Ja (publiek, gepubliceerd);http://www.p-direkt.nl
I-9.9.1;If Yes > Supporting document (report / URL);Enter URL (public link) or Attach relevant report;Zo ja > Ondersteunend document (rapport / URL);Voer URL in (publieke link) of Voeg relevant rapport toe;2010
I-10;Is there a Payroll System (MIS) linked with HRMIS?;0= No, 1= Implementation in progress, 2= Yes (in use);Is er een salarissysteem gekoppeld aan het Human Resources Management Informatiesysteem (HRMIS)?;0= Nee, 1= Implementatie in uitvoering, 2= Ja (in gebruik);2
I-10.1;Name of the Payroll System (public sector);Text;Naam van het salarissysteem (publieke sector);Tekst;3
I-10.2;Payroll System (MIS) URL;URL;URL van het salarissysteem;URL;0
I-10.3;Payroll System was launched / will be launched in (year);YYYY;Het salarissysteem is gelanceerd / zal worden gelanceerd in (jaar);YYYY;-
I-10.4;Type of Payroll System software;0= Unknown, 1= Custom Software, 2= Commercial/COTS Software, 3= Hybrid (Custom + COTS);Type software van het salarissysteem;0= Onbekend, 1= Maatwerk Software, 2= Commerciële/COTS Software, 3= Hybride (Maatwerk + COTS);2
I-10.5;Payroll System topology;0= Unknown, 1= Disconnected, 2= Distributed, 3= Connected, 4= Shared;Topologie van het salarissysteem;0= Onbekend, 1= Niet verbonden, 2= Gedistribueerd, 3= Verbonden, 4= Gedeeld;MyGovernment
I-10.6;Governance of Payroll System operations (registers, security, audit trails, etc.)?;0= No, 1= Yes (internal, not published),  2= Yes (public, published);Beheer van de operaties van het salarissysteem (registers, beveiliging, audit trails, etc.)?;0= Nee, 1= Ja (intern, niet gepubliceerd),  2= Ja (publiek, gepubliceerd);https://mijn.overheid.nl/organisaties/
I-10.6.1;If Yes > Supporting document (report / URL);Enter URL (public link) or Attach relevant report;Zo ja > Ondersteunend document (rapport / URL);Voer URL in (publieke link) of Voeg relevant rapport toe;1922
I-11;Is there a Social Insurance system (non-health) providing pensions (including public sector) and other SI programs?;0= No, 1= Implementation in progress, 2= Yes (in use);Is er een sociaalverzekeringsstelsel (niet-gezondheid) dat pensioenen (inclusief publieke sector) en andere sociaalverzekerings-programma's (SI) biedt?;0= Nee, 1= Implementatie in uitvoering, 2= Ja (in gebruik);Mijnoverheid / Stichting Pensioenfonds ABP (National Civil Pension Fund)
I-11.1;Official name of the main public entity operating SI / Pension program(s);Text;Officiële naam van de belangrijkste publieke entiteit die SI / pensioenprogramma('s) beheert;Tekst;https://www.abp.nl/
I-11.2;Main SI / Pension entity's home page URL;URL;URL van de startpagina van de belangrijkste SI / pensioen organisatie;URL;1922
I-11.3;Main SI / Pension entity was established / will be established in (year);YYYY;De belangrijkste SI / pensioen organisatie is opgericht / zal worden opgericht in (jaar);YYYY;2
I-11.4;Name of the primary SI / Pension system (MIS) solution;Text;Naam van de primaire SI / pensioensysteem (MIS)-oplossing;Tekst;0
I-11.5;Primary SI / Pension MIS platform URL;URL;URL van het primaire SI / pensioen MIS-platform;URL;0
I-11.6;Primary SI / Pension MIS was launched / will be launched in (year);YYYY;Het primaire SI / pensioen MIS is gelanceerd / zal worden gelanceerd in (jaar);YYYY;0
I-11.7;Status of public sector SI / Pension MIS platform;0= Unknown, 1= Separate SI / Pension MIS for public employees, 2= Primary pension MIS is used for public employees as well;Status van het publieke sector SI / pensioen MIS-platform;0= Onbekend, 1= Aparte Sociale Verzekering / Pensioen MIS voor overheidsmedewerkers, 2= Primair pensioen MIS wordt ook gebruikt voor overheidsmedewerkers;0
I-11.8;Type of primary SI / Pension MIS platform;0= Unknown, 1= Custom Software, 2= Commercial/COTS Software, 3= Hybrid (Custom + COTS);Type van het primaire SI / pensioen MIS-platform;0= Onbekend, 1= Maatwerk Software, 2= Commerciële/COTS Software, 3= Hybride (Maatwerk + COTS);-
I-11.9;Is primary SI / Pension MIS exchanging data with other systems?;0= No, 1= Yes (via separate interfaces) 2= Yes (via Government Service Bus);Wisselt het primaire SI / pensioen MIS gegevens uit met andere systemen?;0= Nee, 1= Ja (via verschillende interfaces) 2= Yes (via Government Service Bus);0
I-11.10;Does the primary SI / Pension MIS use national ID as primary or secondary identifier?;0= No, 1= Yes;Gebruikt het primaire SI / pensioen MIS het nationale ID als primaire of secundaire identificatie?;0= Nee, 1= Ja;-
I-11.11;Are all SI / Pension beneficiary records fully digitized?;0= No, 1= Partially digitized, 2= Fully digitized;Zijn alle SI / pensioen begunstigdenrecords volledig gedigitaliseerd?;0= No, 1= Gedeeltelijk gedigitaliseerd, 2= Volledig gedigitaliseerd;1
I-11.12;Share of all SI / Pension benefit payments deposited digitally to individual bank accounts of beneficiaries (percentage);Text (% of payments or Unknown);Aandeel van alle SI / pensioen uitbetalingen digitaal gestort op individuele bankrekeningen van begunstigden (percentage);Tekst (% van betaling of Onbekend);0
I-11.13;Are all active insured public employee records fully digitized?;0= No, 1= Partially digitized, 2= Fully digitized;Zijn alle actieve verzekeringen van publieke werknemers volledig gedigitaliseerd?;0= No, 1= Gedeeltelijk gedigitaliseerd, 2= Volledig gedigitaliseerd;-
I-11.13.1;If Digitized > In what year was digitization introduced for the contribution records? (year);YYYY;Indien alle actieve verzekeringen van publieke werknemers volledig gedigitaliseerd > In welk jaar werd digitalisering ingevoerd voor de bijdrageregisters? (jaar);YYYY;2
I-11.14;Can a contribution report and payment be submitted online?;0= No, 1= Yes;Kan een bijdrage rapport en betaling online ingediend worden?;0= Nee, 1= Ja;Tender Ned
I-11.15;Governance of SI / Pension MIS operations (registers, security, audit trails, etc.)?;0= No, 1= Yes (internal, not published),  2= Yes (public, published);Beheer van SI / pensioen MIS-operaties (registers, beveiliging, audit trails, etc.)?;0= Nee, 1= Ja (intern, niet gepubliceerd),  2= Ja (publiek, gepubliceerd);http://www.tenderned.nl/ 
I-11.15.1;If Yes > Supporting document (report / URL);Enter URL (public link) or Attach relevant report;Zo ja > Ondersteunend document (rapport / URL);Voer URL in (publieke link) of Voeg relevant rapport toe;2011
I-12;Is there an e-Procurement portal?;0= No, 1= Implementation in progress, 2= Yes (in use);Is er een online aanbestedings portaal?;0= Nee, 1= Implementatie in uitvoering, 2= Ja (in gebruik);2
I-12.1;Name of eProcurement Portal;Text;Naam van het online Aanbestedingsportaal;Tekst;1
I-12.2;e-Procurement Portal URL;URL;URL van het online Aanbestedingsportaal;URL;1
I-12.3;e-Procurement Portal was launched / will be launched in (year);YYYY;Het online Aanbestedingsportaal is gelanceerd / zal worden gelanceerd in (jaar);YYYY;-
I-12.4;e-Procurement Portal capabilities;0= Unknown, 1= Tender notices + Contracts, 2= Online Tendering + Contracts, 3= OT + C + Interfaces with other systems;Mogelijkheden van het online Aanbestedingsportaal;0= Onbekend, 1= Aankondigingen van aanbestedingen + Contracten, 2= Online Aanbestedingen + Contracten, 3= Online Aanbestedingen + Contracten + Koppelingen met andere systemen;2
I-12.5;e-Procurement data published in line with OCDS?;0= No, 1= Yes;Worden online Aanbestedingsgegevens gepubliceerd in lijn met OCDS?;0= Nee, 1= Ja;https://www.tenderned.nl/cms/aanbesteden-in-cijfers
I-12.6;Does eProcurement Portal exchange data with other systems?;0= No, 1= Yes (via separate interfaces) 2= Yes (via Government Service Bus);Wisselt het online Aanbestedingsportaal gegevens uit met andere systemen?;0= Nee, 1= Ja (via verschillende interfaces) 2= Ja (via Government Service Bus);2
I-12.7;Any innovative approach in e-Procurement?;Text ;Enige innovatieve benadering in online Aanbesteding?;Tekst;Dutch State Treasury Agency
I-12.8;Governance of eProcurement operations (registers, security, audit trails, etc.)?;0= No, 1= Yes (internal, not published),  2= Yes (public, published);Beheer van online Aanbestedingsoperaties (registers, beveiliging, audit trails, etc.)?;0= Nee, 1= Ja (intern, niet gepubliceerd),  2= Ja (publiek, gepubliceerd);http://www.dsta.nl/english
I-12.8.1;If Yes > Supporting document (report / URL);Enter URL (public link) or Attach relevant report;Zo ja > Ondersteunend document (rapport / URL);Voer URL in (publieke link) of Voeg relevant rapport toe;2003
I-13;Is there a Debt Management System (DMS) in place? (foreign and domestic debt);0= No, 1= Implementation in progress, 2= Yes (in use);Is er een online schuldensysteem in gebruik? (buitenlandse en binnelandse schuld);0= Nee, 1= Implementatie in uitvoering, 2= Ja (in gebruik);1
I-13.1;Official name of Debt Management System (DMS) operator;Text;Officiële naam van de online schuldensysteem beheerder;Tekst;LDSW
I-13.2;DMS platform / operator home page URL;URL;online schuldensysteem platform / beheerder URL;URL;2
I-13.3;DMS platform was launched / will be launched in (year);YYYY;Het online schuldensysteem is gelanceerd / zal worden gelanceerd in (jaar);YYYY;Investment Mon - Regional Investment Programs
I-13.4;Type of DMS software;0= Unknown, 1= Custom Software, 2= Commercial/COTS Software, 3= Hybrid (Custom + COTS);Type software van online schuldensysteem;0= Onbekend, 1= Maatwerk Software, 2= Commerciële/COTS Software, 3= Hybride (Maatwerk + COTS);https://www.investeringsprogramma.nl/
I-13.5;Abbreviation of DMS software solution;Text (short);Afkorting van het online schuldensysteem oplossing;Tekst (kort);2018
I-14;Is there a Public Investment Management System (PIMS) in place?;0= No, 1= Implementation in progress, 2= Yes (in use);Is er een online systeem voor het beheer van Publieke investeringen in gebruik?;0= Nee, 1= Implementatie in uitvoering, 2= Ja (in gebruik);1
I-14.1;Name of PIMS solution (information system);Text;Naam van het  online systeem voor het beheer van Publieke investeringen (informatiesysteem);Tekst;1
I-14.2;PIMS platform URL;URL;URL van het CMIS portaal;URL;1
I-14.3;PIMS was launched / will be launched in (year);YYYY; online systeem voor het beheer van Publieke investeringen is gelanceerd / zal worden gelanceerd in (jaar);YYYY;0
I-14.4;Type of PIMS software;0= Unknown, 1= Custom Software, 2= Commercial/COTS Software, 3= Hybrid (Custom + COTS);Type software van  online systeem voor het beheer van Publieke investeringen;0= Onbekend, 1= Maatwerk Software, 2= Commerciële/COTS Software, 3= Hybride (Maatwerk + COTS);-
I-14.5;PIMS functional capabilities;0= Unknown, 1= Only PIM project registry, 2= Registry + PIM cycle, 3= Registry + PIM cycle + Project monitoring;functionele mogelijkheden van  online systeem voor het beheer van Publieke investeringen;0= Onbekend, 1= Alleen Publieke Investeringen Systeem projecten register, 2= Register + Publieke Investeringen Systeem cyclus, 3= Register + Publieke Investeringen Systeem cyclus + Project monitoring;2
I-14.6;Does PIMS exchange data with other systems?;0= No, 1= Yes (via separate interfaces) 2= Yes (via Government Service Bus);Wisselt  online systeem voor het beheer van Publieke investeringen gegevens uit met andere systemen?;0= Nee, 1= Ja (via verschillende interfaces) 2= Ja (via Government Service Bus);https://joinup.ec.europa.eu/collection/open-source-observatory-osor/news/belgium-and-netherlands-join
I-14.7;Publishing of PIMS project database, results?;0= No, 1= Yes (internal, not published),  2= Yes (public, published);Publicatie van gegevens online systeem voor het beheer van Publieke investeringen, resultaten?;0= Nee, 1= Ja (intern, niet gepubliceerd),  2= Ja (publiek, gepubliceerd);2019
I-14.7.1;If Yes > Supporting document (report / URL);Enter URL (public link) or Attach relevant report;Zo ja > Ondersteunend document (rapport / URL);Voer URL in (publieke link) of Voeg relevant rapport toe;1
I-15;Is there a government Open Source Software policy/action plan for public sector?;0= No, 1= Yes (Advisory/R&D), 2= Yes (Mandatory);Is er een overheidsbeleid / actieplan voor Open Source Software (OSS) in de publieke sector?;0= No, 1= Yes (Advisory/R&D), 2= Yes (Mandatory);0
I-15.1;OSS policy URL;URL;URL van het OSS-beleid;URL;-
I-15.2;OSS policy was approved / will be approved in (year);YYYY;Het OSS-beleid is goedgekeurd / zal worden goedgekeurd in (jaar);YYYY;#N/A
I-15.3;Is there an entity taking decisions on adopting/procuring an OSS solution?;0= Unknown, 1= Ministry level Chief Information Officer 2= Government CIO, 3= Other;Is er een organisatie die beslissingen neemt over het adopteren/aanschaffen van een OSS-oplossing?;0= Onbekend, 1= Ministerieel niveau Chief Information Officer, 2= Overheid CIO, 3= Anders;2
I-15.4;What is the level of adoption of OSS policy?;0= Unknown, 1= Partially adopted in several sectors, 2= Extensively adopted;Wat is het niveau van adoptie van het OSS-beleid?;0= Onbekend, 1= Gedeeltelijk toegepast in verschillende sectoren, 2= Uitgebreid toegepast;Strategic Action for AI
I-15.4.1;If adopted > Supporting document (report / URL);Enter URL (public link) or Attach relevant report;Indien aangenomen > Ondersteunend document (rapport / URL);Voer URL in (publieke link) of Voeg relevant rapport toe;https://www.digitaleoverheid.nl/document/dutch-policy-brief-on-ai-public-values-and-human-rights/
I-16;UN Telecommunication Infrastructure Index (TII);0 to 1 (external indicator extracted from the UN e-Gov Survey);UN Telecommunicatie Infrastructuur Index (TII);0 tot 1 (externe indicator overgenomen uit de UN e-Gov Survey);2019
I-17;Does government have a national strategy on disruptive / innovative technologies?;0= No, 1= In draft / Planned, 2= Yes;Heeft de overheid een nationale strategie voor disruptieve / innovatieve technologieën (DT)?;0= Nee, 1= Concept / gepland, 2= Ja;1
I-17.1;Title of the latest Disruptive Technology (DT) strategy document;Text;Titel van het meest recente strategiedocument over Disruptieve Technologie;Tekst;1
I-17.2;DT strategy URL;URL;URL van de DT-strategie;URL;https://www.government.nl/ministries/ministry-of-the-interior-and-kingdom-relations
I-17.3;DT strategy was approved / will be approved in (year);YYYY;De DT-strategie is goedgekeurd / zal worden goedgekeurd in (jaar);YYYY;1
I-17.4;DT strategy focus area(s) [please select all that apply];1= AI/ML, 2= Blockchain/DLT, 3= IoT, 4= Drones, 5= Other (Smart Cities, Robotics, Virtual Reality, 3D printers, etc.);Focusgebied(en) van de DT-strategie [selecteer alle toepasselijke];1= AI / Machine Learning, 2= Blockchain/DLT, 3= IoT, 4= Drones, 5= Overig (Smart Cities, Robotica, Virtual Reality, 3D printers, etc.);0
I-17.5;Is there a ministry/department responsible for implementing the DT strategy?;0= No 1= Yes;Is er een ministerie/afdeling verantwoordelijk voor de implementatie van de DT-strategie?;0= Nee, 1= Ja;-
I-17.5.1;If Yes > Official name (and URL) of the responsible entity;Text / URL (if publicly available);Zo ja > Officiële naam (en URL) van de verantwoordelijke organisatie;Tekst / URL (indien publiek beschikbaar);#N/A
I-17.6;Does the DT strategy have committed funding?;0= No 1= Yes;Heeft de DT-strategie toegewezen financiering?;0= Nee, 1= Ja;2
I-17.7;Publishing of use cases on DT applications?;0= No, 1= Yes (internal, not published),  2= Yes (public, published);Publicatie van use cases over DT-toepassingen?;0= Nee, 1= Ja (intern, niet gepubliceerd),  2= Ja (publiek, gepubliceerd);https://www.overheid.nl
I-17.7.1;If Yes > Supporting document (report / URL);Enter URL (public link) or Attach relevant report;Zo ja > Ondersteunend document (rapport / URL);Voer URL in (publieke link) of Voeg relevant rapport toe;0
I-18;UN Online Service Index (OSI);0 to 1 (external indicator extracted from the UN e-Gov Survey);UN Online Service Index (OSI);0 tot 1 (externe indicator overgenomen uit de UN e-Gov Survey);1
I-19;"Is there an online public service portal? (also called ""One-Stop Shop"" or similar)";0= No, 1 = Yes (Informational: Level 1 or 2), 2= Yes (Transactional: Level 3 or 4);"Is er een online portaal voor alle publieke diensten? (ook bekend als ""Loket"" of iets dergelijks)";0= Nee, 1= Ja (Informatief: Niveau 1 of 2), 2= Ja (Transactioneel: Niveau 3 of 4);1
I-19.1;Online service (e-Service) portal URL;URL;URL van het online diensten (e-Diensten) portaal;URL;1
I-19.2;Are citizens / businesses involved in the design of e-Services (user-centric design)?;0= No, 1= Yes;Worden burgers / bedrijven betrokken bij het ontwerp van e-Diensten (user centric design)?;0= Nee, 1= Ja;0
I-19.3;Universal accessibility (omnichannel access)?;0= No, 1= Yes;Universele toegankelijkheid (omnichannel toegang)?;0= Nee, 1= Ja;0
I-19.4;Has the government released any mobile app for the citizens' access to public services?;0= No, 1= Yes;Heeft de overheid een mobiele app uitgebracht voor de toegang van burgers tot publieke diensten?;0= Nee, 1= Ja;-
I-19.5;Can residents start a business through online service portal?;0= No, 1= Yes;Kunnen inwoners een bedrijf starten via het online dienstenportaal?;0= Nee, 1= Ja;2
I-19.6;Can individuals establish an e-residency through online service portal?;0= No, 1= Yes;Kunnen individuen een e-residentie vestigen via het online dienstenportaal?;0= Nee, 1= Ja;https://www.belastingdienst.nl/wps/wcm/connect/en/individuals/individuals
I-19.7;Publishing of online service delivery performance/user experience?;0= No, 1= Yes (internal, not published),  2= Yes (public, published);Publicatie van de prestaties van online dienstverlening/gebruikerservaring?;0= Nee, 1= Ja (intern, niet gepubliceerd),  2= Ja (publiek, gepubliceerd);3
I-19.7.1;If Yes > Supporting document (report / URL);Enter URL (public link) or Attach relevant report;Zo ja > Ondersteunend document (rapport / URL);Voer URL in (publieke link) of Voeg relevant rapport toe;3
I-20;Is there a Tax online service portal?;0= No, 1= Implementation in progress, 2= Yes (in use);Is er een online belastingdienst portaal?;0= Nee, 1= Implementatie in uitvoering, 2= Ja (in gebruik);0
I-20.1;Tax System service portal URL;URL;URL van het belastingdienst serviceportaal;URL;1
I-20.2;Available Tax online transactional services;0= Unknown, 1= Registration + Filing 2= R + F + Payment, 3= R + F + P + Other;Beschikbare online transactiediensten voor belastingen;0= Onbekend, 1= Registratie +  Aangifte doen, 2= Registratie + Aangifte doen + Betaling, 3= Registratie + Aangifte doen + Betaling + Overig;2
I-20.3;Electronic Invoicing ;0= No, 1= Planned / In progress 2= Partially implemented 3= Fully implemented / mandatory;Elektronische facturering;0= Nee, 1= Gepland / implementatie in uitvoering 2= Gedeeltelijk geïmplementeerd, 3= Volledig geïmplementeerd / verplicht;https://www.belastingdienst.nl/wps/wcm/connect/nl/home/content/inloggen-mijn-belastingdienst
I-20.4;Are citizens/businesses involved in the design of tax online services?;0= No, 1= Yes;Worden burgers/bedrijven betrokken bij het ontwerp van online belastingdiensten?;0= Nee, 1= Ja;2
I-20.5;Universal accessibility (omnichannel access)?;0= No, 1= Yes;Universele toegankelijkheid (omnichannel toegang)?;0= Nee, 1= Ja;1
I-21;Is e-Filing available for tax and/or customs declarations?;0= No, 1= Implementation in progress, 2= Yes (in use);Is e-Aangifte beschikbaar voor belasting- en/of douaneaangiften?;0= Nee, 1= Implementatie in uitvoering, 2= Ja (in gebruik);0
I-21.1;e-Filing service URL (or explanation / report);Enter URL (public link) or Attach relevant report;URL van de e-Aangifteservice (of uitleg / rapport);Voer URL in (publieke link) of Voeg relevant rapport toe;0
I-21.2;Type of e-Filing service;0= Unknown 1= Online e-Filing services 2= Online e-Filing + e-Payments;Type e-Aangifteservice;0= Onbekend 1= Online e-aangifte services 2= Online e-Aangifte services + e-Betalingen;0
I-21.3;Available for all tax types and customs declarations?;0= No, 1= Yes;Beschikbaar voor alle belastingsoorten en douaneaangiften?;0= Nee, 1= Ja;-
I-21.4;Available services for interconnectivity with business information systems?;0= No, 1= Yes;Beschikbare diensten voor interconnectiviteit met bedrijfsinformatiesystemen?;0= Nee, 1= Ja;0
I-21.5;Available pre-populated returns?;0= No, 1= Yes;Beschikbare vooraf ingevulde aangiften?;0= Nee, 1= Ja;0
I-22;Are e-Payment services available?;0= No, 1= Implementation in progress, 2= Yes (in use);Zijn e-Betalingsdiensten beschikbaar?;0= Nee, 1= Implementatie in uitvoering, 2= Ja (in gebruik);0
I-22.1;e-Payment service URL (or explanation / report);Enter URL (public link) or Attach relevant report;URL van de e-Betalingsdienst (of uitleg / rapport);Voer URL in (publieke link) of Voeg relevant rapport toe;2
I-22.2;Type of e-Payment service;"0= Unknown 1= Fragmented systems; multiple platforms, 2= Centralized shared platform";Type e-Betalingsdienst;"0= Onbekend, 1= Gefragmenteerde systemen; meerdere platformen, 2= Gecentraliseerd gedeeld platform";https://www.belastingdienst.nl/wps/wcm/connect/nl/home/home
I-22.3;Available e-Payment methods?;0= Unknown, 1= Bank Transfer, 2= BT + Credit / Debit Cards, 3= BT + CC + Mobile, 4= BT + CC + M + Others;Beschikbare e-Betalingsmethoden?;0= Onbekend, 1= Bankoverschrijving, 2= Bankoverschrijving + Credit-/Debetkaarten, 3= Bankoverschrijving + Credit-/Debetkaarten + Mobiel, 4= Bankoverschrijving + Credit-/Debetkaarten + Mobiel + Overig;3
I-22.4;e-Payment service for government / treasury payments?;0= No, 1= Yes;e-Betalingsdienst voor overheids- / schatkistbetalingen?;0= Nee, 1= Ja;0
I-23;Is there a Customs online service portal (single window)?;0= No, 1= Implementation in progress, 2= Yes (in use);Is er een online douanediensten portaal (single window)?;0= Nee, 1= Implementatie in uitvoering, 2= Ja (in gebruik);1
I-23.1;Customs System service portal URL;URL;URL van het douanesysteem serviceportaal;URL;2
I-23.2;Available Customs online transactional services;0= Unknown, 1= Registration + Declaration, 2= R + D + Payments, 3= R + D + P + Other;Beschikbare online transactiediensten voor de douane;0= Onbekend, 1= Registratie + Aangifte, 2= Registratie + Aangifte + Betalingen, 3= Registratie + Aangifte + Betalingen + Overig;https://mijn.overheid.nl/?r=1
I-23.3;Are citizens/businesses involved in the design of customs online services?;0= No, 1= Yes;Worden burgers/bedrijven betrokken bij het ontwerp van online douanediensten?;0= Nee, 1= Ja;1
I-23.4;Universal accessibility (omnichannel access)?;0= No, 1= Yes;Universele toegankelijkheid (omnichannel toegang)?;0= Nee, 1= Ja;0
I-24;Is there a Social Insurance/Pension online service portal?;0= No, 1= Implementation in progress, 2= Yes (in use);Is er een online dienstenportaal voor Sociale Verzekeringen/Pensioen?;0= Nee, 1= Implementatie in uitvoering, 2= Ja (in gebruik);0
I-24.1;Social Insurance/Pension online service portal URL;URL;URL van het online dienstenportaal voor Sociale Verzekeringen/Pensioen;URL;1
I-24.2;Available SI / Pension online transactional services;0= Unknown, 1= Registration + Benefits, 2= R + B + Payments, 3= R + B + P + Other;Beschikbare online transactiediensten voor Sociale Verzekeringen / Pensioen;0= Onbekend, 1= Registratie + Uitkeringen, 2= Registratie + Uitkeringen + Betalingen, 3= Registratie + Uitkeringen + Betalingen + Overig;2
I-24.3;Are citizens involved in the design of SI / Pension services/portal? ;0= No, 1= Yes;Worden burgers betrokken bij het ontwerp van Sociale Verzekeringen / Pensioendienstenportaal?;0= Nee, 1= Ja;https://www.werk.nl/werkzoekenden/
I-24.4;Does the Gov provide any incentives for citizens to join an insurance scheme?;0= No, 1= Yes;Biedt de overheid stimulansen voor burgers om deel te nemen aan een verzekeringsregeling?;0= Nee, 1= Ja;2
I-24.5;Universal accessibility (omnichannel access)?;0= No, 1= Yes;Universele toegankelijkheid (omnichannel toegang)?;0= Nee, 1= Ja;2
I-25;Is there a Job portal?;0= No, 1= Implementation in progress, 2= Yes (in use);Is er een vacatureportaal?;0= Nee, 1= Implementatie in uitvoering, 2= Ja (in gebruik);0
I-25.1;Job portal URL;URL;URL van het vacatureportaal;URL;1
I-25.2;Available online transactional Job portal services;0= Unknown, 1= Registration + Search, 2= R + S + Applications, 3= R + S + A + Other;Beschikbare online transactiediensten op het vacatureportaal;0= Onbekend, 1= Registratie + Zoeken, 2= Registratie + Zoeken + Aanvragen, 3= Registratie + Zoeken + Aanvragen + Overig;
I-25.3;Inclusion of public sector positions in the Job portal?;0= Unknown, 1= Separate Job Portal for public employees, 2= Primary job portal is used for public employees as well;Inclusie van publieke sector posities in het vacatureportaal?;0= Onbekend, 1= Aparte Vacatureportaal voor overheidsmedewerkers, 2= Primair vacatureportaal wordt ook gebruikt voor overheidsmedewerkers;#N/A
I-25.4;Are citizens/employees involved in the design of services/portal?;0= No, 1= Yes;Worden burgers/werknemers betrokken bij het ontwerp van diensten/portaal?;0= Nee, 1= Ja;1
I-25.5;Universal accessibility (omnichannel access)?;0= No, 1= Yes;Universele toegankelijkheid (omnichannel toegang)?;0= Nee, 1= Ja;https://www.opengovpartnership.org/members/netherlands/
I-26;Is there a digital ID [credential / system] that enables remote authentication for (fully) online service access / transactions?;0= No, 1= Yes (external indicator to be extracted from the 2022 ID4D dataset);Is er een digitale ID [bewijs / systeem] die externe authenticatie mogelijk maakt voor (volledig) online toegang tot diensten / transacties?;0= Nee, 1= Ja (externe indicator overgenomen uit de 2022 ID4D dataset);1
I-27;UN E-Participation Index (EPI);0 to 1 (external indicator extracted from the UN e-Gov Survey);UN E-Participatie Index (EPI);0 tot 1 (externe indicator overgenomen van de UN e-Gov Survey);1
I-28;Is there an Open Government portal?;0= No, 1 = Yes;Is er een Open Overheid portaal?;0= Nee, 1= Ja;1
I-28.1;Open Government portal URL;URL;URL van het Open Overheid portaal;URL;http://data.overheid.nl/
I-28.2;Update frequency of Open Gov portal;0= Unknown, 1= Annually 2= Quarterly / Monthly, 3= Weekly / Daily;Updatefrequentie van Open Overheid portaal;0= Onbekend, 1= Jaarlijks, 2= Per kwartaal / Maandelijks, 3= Wekelijks / Dagelijks;3
I-28.3;Contents / maturity of Open Gov portal;0= Unknown, 1= Basic info/datasets, 2= Comprehensive data catalog;Inhoud / volwassenheid van Open Overheid portaal;0= Onbekend, 1= Basisinformatie/datasets, 2= Uitgebreide gegevenscatalogus;2
I-29;Is there an Open Data portal?;0= No, 1 = Yes;Is er een Open Data portaal?;0= Nee, 1= Ja;0
I-29.1;Open Data portal URL;URL;URL van het Open Data portaal;URL;1
I-29.2;Update frequency of Open Data portal;0= Unknown, 1= Annually 2= Quarterly / Monthly, 3= Weekly / Daily;Updatefrequentie van Open Data portaal;0= Onbekend, 1= Jaarlijks, 2= Per kwartaal / Maandelijks, 3= Wekelijks / Dagelijks;https://www.government.nl/topics/active-citizens/citizen-participation
I-29.3;Contents / maturity of Open Data portal;0= Unknown, 1= Basic info / datasets, 2= Comprehensive data catalog;Inhoud / volwassenheid van Open Data portaal;0= Onbekend, 1= Basisinformatie/datasets, 2= Uitgebreide gegevenscatalogus;0
I-29.4;Is the portal dynamically updated (via APIs)?;0= Unknown, 1= Yes (mostly manual), 2= Yes (automated updates via APIs);Wordt het portaal dynamisch bijgewerkt (via API's)?;0= Onbekend, 1= Ja (meestal handmatig), 2= Ja (geautomatiseerde updates via APIs);-
I-30;Are there national platforms that allow citizens to participate in policy decision-making?;0= No, 1 = Yes;Zijn er nationale platformen die burgers toestaan deel te nemen aan beleid en besluitvorming?;0= Nee, 1= Ja;0
I-30.1;Citizen participation portal URL;URL;URL van het burgerparticipatieportaal;URL;0
I-30.2;Is it possible to submit petitions?;0= No, 1= Yes (the same citizen participation portal for petitions as well), 2= Yes (separate portal for petitions);Is het mogelijk om petities in te dienen?;0= Nee, 1= Ja (hetzelfde portaal voor burgerparticipatie voor petities), 2= Ja (apart portaal voor petities);0
I-30.2.1;If Yes (separate) > URL of the separate portal for submitting petitions;URL;Als het mogelijk is om petities in te dienen> URL van het aparte portaal voor het indienen van petities;URL;0
I-30.3;Can citizens / businesses participate in policy decision-making through this platform?;0= No, 1= Yes;Kunnen burgers / bedrijven deelnemen aan beleidsbesluitvorming via dit platform?;0= Nee, 1= Ja;-
I-30.4;Can citizens / businesses provide anonymous feedback?;0= No, 1= Yes;Kunnen burgers / bedrijven anonieme feedback geven?;0= Nee, 1= Ja;1
I-30.5;Universal accessibility (omnichannel access)?;0= No, 1= Yes;Universele toegankelijkheid (omnichannel toegang)?;0= Nee, 1= Ja;https://www.government.nl/contact/making-a-complaint
I-30.6;Are government's responses to citizens / businesses publicly available?;0= No, 1= Yes (internal, not published),  2= Yes (public, published);Zijn reacties van de overheid op burgers / bedrijven openbaar beschikbaar?;0= Nee, 1= Ja (intern, niet gepubliceerd),  2= Ja (publiek, gepubliceerd);1
I-30.6.1;If Yes > Supporting document (report / URL);Enter URL (public link) or Attach relevant report;Zo ja > Ondersteunend document (rapport / URL);Voer URL in (publieke link) of Voeg relevant rapport toe;0
I-31;Are there government platforms that allow citizens to provide feedback (e.g., complements, complaints, suggestions, info requests) on service delivery?;0= No, 1 = Yes;Zijn er overheidsplatformen die burgers toestaan feedback te geven (bijv. complimenten, klachten, suggesties, informatieverzoeken) over dienstverlening?;0= Nee, 1= Ja;0
I-31.1;Citizen feedback / GRM portal URL;URL;URL van het burgerfeedback portaal;URL;0
I-31.2;Does the government make the service standards (e.g., response times and procedures) available to the public?;0= No, 1= Yes;Maakt de overheid de servicenormen (bijv. responstijden en procedures) openbaar beschikbaar?;0= Nee, 1= Ja;0
I-31.3;Are these platforms universally accessible or provide support for users with disabilities (e.g., e-services, availability of voice commands)?;0= No, 1= Yes;Zijn deze platformen universeel toegankelijk of bieden ze ondersteuning voor gebruikers met een handicap (bijv. e-diensten, beschikbaarheid van spraakopdrachten)?;0= Nee, 1= Ja;-
I-31.4;Is there any advanced technology (e.g., chatbots or AI-enabled discussion forums) used to improve citizen engagement?;0= No, 1= Yes;Wordt er geavanceerde technologie (bijv. chatbots of AI-gestuurde discussiefora) gebruikt om burgerbetrokkenheid te verbeteren?;0= Nee, 1= Ja;0
I-31.5;Universal accessibility (omnichannel access)?;0= No, 1= Yes;Universele toegankelijkheid (omnichannel toegang)?;0= Nee, 1= Ja;-
I-31.6;Does the Gov respond to citizen feedback? (how the Gov has updated their services in response to citizen feedback);0= No, 1= Yes (internal, not published),  2= Yes (public, published);Reageert de overheid op feedback van burgers? (hoe de overheid haar diensten heeft bijgewerkt in reactie op burgerfeedback);0= Nee, 1= Ja (intern, niet gepubliceerd),  2= Ja (publiek, gepubliceerd);0
I-31.6.1;If Yes > Supporting document (report / URL);Enter URL (public link) or Attach relevant report;Zo ja > Ondersteunend document (rapport / URL);Voer URL in (publieke link) of Voeg relevant rapport toe;0
I-32;Does the government publish its citizen engagement statistics and performance regularly?;0= No, 1 = Yes;Publiceert de overheid haar statistieken en prestaties op het gebied van burgerbetrokkenheid regelmatig?;0= Nee, 1= Ja;0
I-32.1;Government response portal URL;URL;URL van het overheidsreactieportaal;URL;2
I-32.2;Are there standards or indicators to measure the performance of service delivery (and compliance)?;0= No, 1= Yes;Zijn er normen of indicatoren om de prestaties van dienstverlening (en naleving) te meten?;0= Nee, 1= Ja;GovTech Institute
I-32.3;Does the government publish its citizen engagement performance/results?;0= No, 1= Yes;Publiceert de overheid de prestaties/resultaten van haar burgerbetrokkenheid?;0= Nee, 1= Ja;https://www.nldigital.nl/
I-32.4;Any government initiative to improve the representation of vulnerable groups?;0= No, 1= Yes;Enig overheidsinitiatief om de vertegenwoordiging van kwetsbare groepen te verbeteren?;0= Nee, 1= Ja;2019
I-33;Is there a government entity focused on GovTech (digital transformation, WoG, online services, etc.)?;0= No, 1= Planned / In progress, 2= Yes (Established);Is er een overheidsinstantie gericht op GovTech (digitale transformatie, WoG, online diensten, etc.)?;0= Nee, 1= Gepland / In uitvoering, 2= Ja (gerealiseerd);4
I-33.1;Official name of the main GovTech institution;Text;Officiële naam van de organisatie voor GovTech;Tekst;7
I-33.2;Main GovTech institution URL;URL;URL van de organisatie voor GovTech;URL;3, 4, 5, 6
I-33.3;Main GovTech institution was established / will be established in (year);YYYY;De organisatie voor GovTech is opgericht / zal worden opgericht in (jaar);YYYY;https://www.nldigital.nl/english/
I-33.4;Type of main GovTech organization;1= Government, 2= Private, 3= Investor, 4= Academia;Type organisatie voor GovTech;1= Overheid, 2= Privaat / markt, 3= Investeerder, 4= Academisch;1
I-33.5;Institutional responsibility for GovTech;1= Autonomous entity, 2= President's / PM's Office, 3= MoICT, 4= MoF / MoE, 5= MoI / MoHA, 6= MoPS / Pub Adm, 7= Other;Institutionele verantwoordelijkheid voor GovTech;1= Autonome entiteit, 2= Kantoor van de President / Premier, 3= Ministerie van ICT, 4= Ministerie van Financiën / Ministerie van Economische Zaken, 5= Ministerie van Binnenlandse Zaken / Ministerie van Binnenlandse Veiligheid, 6= Ministerie van Overheidsdienst / Publieke Administratie, 7= Anders;https://www.digitaleoverheid.nl/governance-digitale-overheid/
I-33.6;GovTech roles & responsibilities [please select all that apply];1= Policy / Strategy, 2= eGovernment / eServices, 3= Private Sector / PPP, 4= Digital skills, 5= KS&L, 6= Innovation, 7= OSS, 8= DT, 9= Other;Rollen & verantwoordelijkheden van GovTech [selecteer alle die van toepassing zijn];1= Beleid / Strategie, 2= eOverheid / eDiensten, 3= Private Sector / PPS, 4= Digitale vaardigheden, 5= KS&L, 6= Innovatie, 7= OSS, 8= DT, 9= Anders;0
I-33.7;Other relevant GovTech institution links;URL;Andere relevante links van de instelling voor GovTech;URL;-
I-33.8;Is there a Coordination Body (SC, Council) leading GovTech initiatives?;0= No, 1= Yes;Is er een Coördinatieorgaan (SC, Raad) dat leiding geeft aan GovTech-initiatieven?;0= Nee, 1= Ja;0
I-33.8.1;If Yes > Name and/or URL of the coordination body;Text or URL;Indien Coördinatieorgaan (SC, Raad) dat leiding geeft aan GovTech-initiatieven > Naam en/of URL van het coördinatieorgaan;Tekst of URL;-
I-33.9;Is there an entity to monitor & report Digital/GovTech spending for the whole government?;0= No, 1= Yes;Is er een entiteit die de Digital/GovTech-uitgaven voor de hele overheid monitort en rapporteert?;0= Nee, 1= Ja;2
I-33.9.1;If Yes > Name and/or URL of the public entity;Text or URL;Indien entiteit die de Digital/GovTech-uitgaven voor de hele overheid monitort en rapporteert > Naam en/of URL van de publieke entiteit;Tekst of URL;Logius
I-33.10;Publishing of the GovTech institution's annual progress report (results / spending)?;0= No, 1= Yes (internal, not published),  2= Yes (public, published);Publicatie van het jaarlijkse voortgangsrapport (resultaten / uitgaven) van de instelling voor GovTech?;0= Nee, 1= Ja (intern, niet gepubliceerd),  2= Ja (publiek, gepubliceerd);https://www.logius.nl/english
I-33.10.1;If Yes > Supporting document (report / URL);Enter URL (public link) or Attach relevant report;Indien publicatie van het jaarlijkse voortgangsrapport (resultaten / uitgaven) van de instelling voor GovTech > Ondersteunend document (rapport / URL);Voer URL in (publieke link) of Voeg relevant rapport toe;2010
I-34;Is there a dedicated government entity in charge of data governance or data management?;0= No, 1=  Planned / In progress, 2= Yes (Established);Is er een speciale overheidsentiteit belast met gegevensbeheer of data management?;0= Nee, 1= Gepland / In uitvoering, 2= Ja (gerealiseerd);2
I-34.1;Name of Data Governance (DG) institution;Text;Naam van de instelling voor Data Governance (DG);Tekst;1
I-34.2;Data Governance institution URL;URL;URL van de instelling voor Data Governance;URL;2
I-34.3;Data Governance institution was established / will be established in (year);YYYY;De instelling voor Data Governance is opgericht / zal worden opgericht in (jaar);YYYY;https://www.nldigitalgovernment.nl/overview/new-technologies-data-and-ethics/data-agenda-government/
I-34.4;Type of Data Governance institution;0= Unknown, 1= Part of another institution, 2= Autonomous institution;Type instelling voor Data Governance;0= Onbekend, 1= Onderdeel van een andere organisatie, 2= Autonome organisatie;2
I-34.5;Data Governance implementation arrangements;0= Unknown, 1= Holistic DG approach, 2= Multilevel DG approach;Uitvoeringsregelingen voor Data Governance;0= Onbekend, 1= Holistische Data Governance benadering, 2= Multilevel Data Governance benadering;https://www.nldigitalgovernment.nl/overview/new-technologies-data-and-ethics/data-agenda-government/dossier-documenten/
I-34.6;Is there a Data Governance strategy / policy?;0= No, 1=  Planned / In progress, 2= Yes (Approved);Is er een strategie / beleid voor Data Governance?;0= Nee, 1=  Gepland / In ontwikkeling, 2= Ja (goedgekeurd);3
I-34.6.1;If Yes > Supporting document (report / URL);Enter URL (public link) or Attach relevant report;Indien  strategie / beleid voor Data Governance? > Ondersteunend document (rapport / URL);Voer URL in (publieke link) of Voeg relevant rapport toe;https://www.nldigitalgovernment.nl/digital-government-agenda/
I-34.7;Publishing of the Data Governance institution's progress report (results/spending)?;0= No, 1= Yes (internal, not published),  2= Yes (public, published);Publicatie van het voortgangsrapport (resultaten/uitgaven) van de instelling voor Data Governance?;0= Nee, 1= Ja (intern, niet gepubliceerd),  2= Ja (publiek, gepubliceerd);2019
I-34.7.1;If Yes > Supporting document (report / URL);Enter URL (public link) or Attach relevant report;Indien publicatie van het voortgangsrapport (resultaten/uitgaven) van de instelling voor Data Governance  > Ondersteunend document (rapport / URL);Voer URL in (publieke link) of Voeg relevant rapport toe;2
I-35;Is there a GovTech / Digital Transformation strategy? ;0= No, 1=  Planned / In draft, 2= Yes (old/to be updated), 3= Yes (new/current);Is er een GovTech / Digitale Transformatie strategie?;0= Nee, 1=  Gepland / Concept, 2= Ja (oud/moet worden bijgewerkt), 3= Ja (nieuw/huidig);https://www.nldigitalgovernment.nl/digital-government-agenda/
I-35.1;GovTech / digital transformation strategy URL (approved / drafted);URL;URL van de GovTech / digitale transformatie strategie (goedgekeurd / in concept);URL;1
I-35.2;GovTech strategy was approved / will be approved in (year);YYYY;De GovTech strategie is goedgekeurd / zal worden goedgekeurd in (jaar);YYYY;https://www.government.nl/ministries/ministry-of-the-interior-and-kingdom-relations#:~:text=The%20Ministry%20of%20the%20Interior,coordination%2C%20supervision%20and%20policy%20implementation.
I-36;Is there a whole-of-government approach to public sector digital transformation?;0= No, 1=  Planned / In draft, 2= Yes (Institutionalized);Is er een integrale overheidsbenadering (whole-of-government WoG) voor digitale transformatie van de publieke sector?;0= Nee, 1=  Gepland / Concept, 2= Ja (geïnstitutionaliseerd);0
I-36.1;Whole of Government (WoG) > Relevant policy/strategy URL;URL;Integrale Overheid (WoG) > Relevante beleid/strategie URL;URL;-
I-36.2;Is there a Ministry / Dept leading the public sector digital transformation / cultural change / WoG approach?;0= No, 1= Yes;Is er een ministerie / departement dat leidt in de digitale transformatie van de publieke sector / culturele verandering / WoG-benadering?;0= Nee, 1= Ja;0
I-36.2.1;If Yes > Name and/or URL of the relevant public entity;Text or URL;Indien ministerie digitale transformatie leidt > Naam en/of URL van de betreffende publieke entiteit;Tekst of URL;-
I-36.3;Is there a cross government forum where strategic WoG topics (digital, data, technology, capacity) can be addressed by senior digital officials across government?;0= No, 1= Yes;Is er een interdepartementaal forum waar strategische WoG-onderwerpen (digitaal, data, technologie, capaciteit) behandeld kunnen worden door senior digitale ambtenaren van de overheid?;0= Nee, 1= Ja;2
I-36.3.1;If Yes > Name and/or URL of the relevant platform/forum / entity;Text or URL;Indien interdepartementaal forum waar strategische WoG-onderwerpen (digitaal, data, technologie, capaciteit) behandeld kunnen worden door senior digitale ambtenaren van de overheid> Naam en/of URL van het relevante platform/forum / entiteit;Tekst of URL;https://www.rti-rating.org/wp-content/uploads/Netherlands.pdf
I-36.4;Publishing of the progress in WoG approach / digital transformation (results, spending)?;0= No, 1= Yes (internal, not published),  2= Yes (public, published);Publicatie van de voortgang in de WoG-aanpak / digitale transformatie (resultaten, uitgaven)?;0= Nee, 1= Ja (intern, niet gepubliceerd),  2= Ja (publiek, gepubliceerd);1978
I-36.4.1;If Yes > Supporting document (report / URL);Enter URL (public link) or Attach relevant report;Indien Publicatie van de voortgang in de WoG-aanpak / digitale transformatie (resultaten, uitgaven) > Ondersteunend document (rapport / URL);Voer URL in (publieke link) of Voeg relevant rapport toe;0
I-37;Are there RTI Laws to make data/info available to the public online or digitally?;0= No, 1= Draft / Consultations in progress, 2= Yes (Effective);Zijn er Woo-wetten (Wet open overheid) om gegevens/informatie online of digitaal beschikbaar te maken voor het publiek?;0= Nee, 1= Ontwerp / Raadplegingen bezig, 2= Ja (Effectief);0
I-37.1;Right to Information (RTI) Law URL;URL;URL van de Woo-wet;URL;-
I-37.2;RTI Law was approved / will be approved in (year);YYYY;De Woo-wet is goedgekeurd / zal worden goedgekeurd in (jaar);YYYY;2
I-37.3;Is there an entity monitoring implementation/compliance?;0= No, 1= Yes;Is er een entiteit die de implementatie/naleving controleert?;0= Nee, 1= Ja;Personal Data Protection Act
I-37.4;Publishing of the progress in implementing RTI laws (RTI requests received, granted, etc.)?;0= No, 1= Yes (internal, not published),  2= Yes (public, published);Publicatie van de voortgang in de implementatie van de Woo-wetten (ontvangen, toegekende Woo-verzoeken, etc.)?;0= Nee, 1= Ja (intern, niet gepubliceerd),  2= Ja (publiek, gepubliceerd);https://www.government.nl/privacy#:~:text=The%20Government%20of%20the%20Netherlands,Data%20Protection%20Regulation%20(GDPR).
I-37.4.1;If Yes > Supporting document (report / URL);Enter URL (public link) or Attach relevant report;Indien publicatie van de voortgang in de implementatie van de Woo-wetten (ontvangen, toegekende Woo-verzoeken, etc.), Ondersteunend document (rapport / URL);Voer URL in (publieke link) of Voeg relevant rapport toe;2000
I-38;Is there a Data Protection / Privacy law?;0= No, 1= Draft / Consultations in progress, 2= Yes (Effective);Is er een wet op gegevensbescherming / privacy?;0= Nee, 1= Ontwerp / Raadplegingen bezig, 2= Ja (Effectief);1
I-38.1;Official title of the Data Protection / Privacy Law;Text;Officiële titel van de Wet Gegevensbescherming / Privacy;Tekst;2
I-38.2;Data Protection / Privacy Law URL;URL;URL van de Wet Gegevensbescherming / Privacy;URL;https://www.autoriteitpersoonsgegevens.nl/nl/jaarverslagen
I-38.3;Data Protection / Privacy Law was approved / will be approved in (year);YYYY;De Wet Gegevensbescherming / Privacy is goedgekeurd / zal worden goedgekeurd in (jaar);YYYY;2
I-38.4;Is there an entity monitoring implementation/compliance?;0= No, 1= Yes;Is er een entiteit die de implementatie/naleving controleert?;0= Nee, 1= Ja;Autoriteit Persoonsgegevens, Personal Data Authority
I-38.5;Publishing of the data protection/privacy complaints and feedback?;0= No, 1= Yes (internal, not published),  2= Yes (public, published);Publicatie van de klachten en feedback over gegevensbescherming / privacy?;0= Nee, 1= Ja (intern, niet gepubliceerd),  2= Ja (publiek, gepubliceerd);https://www.autoriteitpersoonsgegevens.nl/
I-38.5.1;If Yes > Supporting document (report / URL);Enter URL (public link) or Attach relevant report;Zo ja > Ondersteunend document (rapport / URL);Voer URL in (publieke link) of Voeg relevant rapport toe;2016
I-39;Is there a Data Protection Authority?;0= No, 1= Not established yet (visible in law), 2= Yes;Is er een Autoriteit Persoonsgegevens?;0= Nee, 1= Nog niet gerealiseerd (zichtbaar in de wet), 2= Ja;2
I-39.1;Name of the Data Protection Authority;Text;Naam van de Autoriteit Persoonsgegevens;Tekst;https://www.autoriteitpersoonsgegevens.nl/nl/jaarverslagen
I-39.2;Data Protection Authority URL;URL;URL van de Autoriteit Persoonsgegevens;URL;#N/A
I-39.3;Data Protection Authority was established / will be established in (year);YYYY;De Autoriteit Persoonsgegevens is opgericht / zal worden opgericht in (jaar);YYYY;#N/A
I-39.4;Publishing of the Data Protection Authority performance/results?;0= No, 1= Yes (internal, not published),  2= Yes (public, published);Publicatie van de prestaties/resultaten van de Autoriteit Persoonsgegevens?;0= Nee, 1= Ja (intern, niet gepubliceerd),  2= Ja (publiek, gepubliceerd);2
I-39.4.1;If Yes > Supporting document (report / URL);Enter URL (public link) or Attach relevant report;Indien publicatie van de prestaties/resultaten van de Autoriteit Persoonsgegevens > Ondersteunend document (rapport / URL);Voer URL in (publieke link) of Voeg relevant rapport toe;https://www.logius.nl/languages/english/pkioverheid/
I-40;Is there a national ID (or similar foundational ID) system?;0= No, 1= Yes ;Is er een nationaal ID-systeem (of een vergelijkbaar fundamenteel identificatiesysteem)?;0= Nee, 1= Ja;2006
I-41;Are records in the national ID system stored in a digitized (electronic) format?;0= No, 1= Yes, N/A = not applicable, no national ID system;Worden de gegevens in het nationale ID-systeem opgeslagen in een gedigitaliseerd (elektronisch) formaat?;0= Nee, 1= Ja, N.v.t. = niet van toepassing, geen nationaal ID systeem;3
I-42;Is there a digital signature regulation and PKI to support service delivery?;"0= No, 1 = Regulation approved; no Infrastructure yet (PKI, CA), 2= Regulation and Infrastructure in place. Not used yet/in progress, 3= Operational. Used in practice for e-Services";Is er een regelgeving voor digitale handtekeningen en PKI ter ondersteuning van dienstverlening?;"0= Nee, 1= Regulatie goedgekeurd; nog geen infrastructuur (PKI, CA), 2= Regulatie en infrastructuur aanwezig. Nog niet gebruikt/in uitvoering, 3= Operationeel. Wordt in de praktijk gebruikt voor e-Diensten";0
I-42.1;Digital Signature URL;URL;URL van de Digitale Handtekening;URL;2
I-42.2;Digital Signature was launched / will be launched in (year);YYYY;De Digitale Handtekening is gelanceerd / zal worden gelanceerd in (jaar);YYYY;0
I-42.3;Use of Digital Signature in public sector?;0= Unknown, 1= Back-office transactions, 2= Front-office service delivery, 3= Both back- and front-office transactions;Gebruik van de Digitale Handtekening in de publieke sector?;0= Onbekend, 1= Backoffice-transacties, 2= Frontoffice-dienstverlening, 3= Zowel back- als frontoffice-transacties;-
I-42.4;Is Digital Signature linked with Digital ID/Mobile devices?;0= No, 1= Yes;Is de Digitale Handtekening gekoppeld aan Digitale ID/Mobiele apparaten?;0= Nee, 1= Ja;#N/A
I-42.5;Which entities provide Digital Signature services?;0= Unknown, 1= Commercial providers only, 2= Designated government entities, 3= Both government and commercial entities;Welke entiteiten leveren diensten voor Digitale Handtekeningen?;0= Onbekend, 1= Alleen commerciële aanbieders, 2= Aangewezen overheidsinstanties, 3= Zowel overheids- als commerciële entiteiten;#N/A
I-42.6;Publishing of the Digital Signature issuance/utilization?;0= No, 1= Yes (internal, not published),  2= Yes (public, published);Publicatie van de uitgifte/gebruik van de Digitale Handtekening?;0= Nee, 1= Ja (intern, niet gepubliceerd),  2= Ja (publiek, gepubliceerd);2
I-42.6.1;If Yes > Supporting document (report / URL);Enter URL (public link) or Attach relevant report;Zo ja > Ondersteunend document (rapport / URL);Voer URL in (publieke link) of Voeg relevant rapport toe;Digital Agenda
I-43;ITU Global Cybersecurity Index (GCI) ;0 to 100 (external indicator extracted from the ITU GCI);ITU Global Cybersecurity Index (GCI);0 tot 100 (externe indicator overgenomen van de ITU GCI);https://www.nldigitalgovernment.nl/digital-government-agenda/
I-44;UN Human Capital Index (HCI);0 to 1 (external indicator extracted from the UN e-Gov Survey);UN Human Capital Index (HCI);0 tot 1 (externe indicator overgenomen van de UN e-Gov Survey);2018
I-45;Is there a government strategy / program to improve digital skills in the public sector?;0= No, 1= Yes (Only strategy or program), 2= Yes (Both strategy and program);Is er een overheidsstrategie / -programma om digitale vaardigheden in de publieke sector te verbeteren?;0= Nee, 1= Ja (Alleen strategie of programma), 2= Ja (Beide strategie en programma);2
I-45.1;Title of Digital Skills (DS) strategy;Text;Titel van de strategie voor Digitale Vaardigheden (DV);Tekst;1
I-45.2;Digital Skills strategy URL;URL;URL van de strategie voor Digitale Vaardigheden;URL;1
I-45.3;Digital Skills strategy was approved / will be approved in (year);YYYY;De strategie voor Digitale Vaardigheden is goedgekeurd / zal worden goedgekeurd in (jaar);YYYY;https://www.nederlanddigitaal.nl/english
I-45.4;Focus areas of the DS strategy;0= Unknown, 1= Basic Digital Skills, 2= Basic DS + Data Literacy, 3= Advanced DS + DL;Focusgebieden van de Digitale Vaardigheden-strategie;0= Onbekend, 1= Basis Digitale Vaardigheden, 2= Bais Digitale Vaardigheden + Data Geletterdheid, 3= Gevorderde Digitale Vaardigheden + Data Geletterdheid;1
I-45.5;Is there a DS program?;0= No, 1= Yes;Is er een Digitale Vaardigheden-programma?;0= Nee, 1= Ja;1
I-45.5.1;If Yes > Type of primary DS program(s);0= Unknown, 1= Academic program, 2= Public sector program, 3= CSO/Private program;Zo ja > Type van primair Digitale Vaardigheden-programma('s);0= Onbekend, 1= Academisch programma, 2= Publieke sector programma, 3= CSO/Privaat programma;2
I-45.5.2;If Yes > DS program URL;URL;Zo ja > URL van het Digitale Vaardigheden-programma;URL;https://www.nederlanddigitaal.nl/documenten?trefwoord=skills&startdatum=&einddatum=&initiatieven=Alle+initiatieven&type=Alle+documenten
I-45.5.3;If Yes > DS program mandatory for new public employees?;0= Unknown, 1= Not mandatory, 2= Mandatory;Zo ja > Is het Digitale Vaardigheden-programma verplicht voor nieuwe overheidsmedewerkers?;0= Onbekend, 1= Niet verplicht, 2= Verplicht;2
I-45.6;Are there digital skills programs offered by governments for citizens/schools?;0= No, 1= Yes (fee-based programs), 2= Yes (freely available programs);Bieden overheden digitale vaardigheidsprogramma's aan voor burgers/scholen?;0= Nee, 1= Ja (betaalde programma's), 2= Ja (vrij beschikbare programma's);Strategic Action Plan for AI
I-45.7;Publishing of the results/progress in DS programs?;0= No, 1= Yes (internal, not published),  2= Yes (public, published);Publicatie van de resultaten/voortgang in DV-programma's?;0= Nee, 1= Ja (intern, niet gepubliceerd),  2= Ja (publiek, gepubliceerd);https://www.rijksoverheid.nl/documenten/beleidsnotas/2019/10/08/strategisch-actieplan-voor-artificiele-intelligentie
I-45.7.1;If Yes > Supporting document (report / URL);Enter URL (public link) or Attach relevant report;Indien publicatie van de resultaten/voortgang in DV-programma's > Ondersteunend document (rapport / URL);Voer URL in (publieke link) of Voeg relevant rapport toe;2019
I-46;Is there a strategy and/or program to improve public sector innovation?;0= No, 1= Yes (Only strategy or program), 2= Yes (Both strategy and program);Is er een strategie en/of programma om innovatie in de publieke sector (PSI) te verbeteren?;0= Nee, 1= Ja (Alleen strategie of programma), 2= Ja (Beide strategie en programma);1
I-46.1;Title of Public Sector Innovation strategy ;Text;Titel van de strategie voor Publieke Sector Innovatie (PSI);Tekst;2
I-46.2;PSI strategy URL;URL;URL van de PSI-strategie;URL;https://www.digitaleoverheid.nl/overzicht-van-alle-onderwerpen/nieuwe-technologieen-data-en-ethiek/artificiele-intelligentie-ai/innovatie-met-ai/
I-46.3;PSI strategy was approved / will be approved in (year);YYYY;De PSI-strategie is goedgekeurd / zal worden goedgekeurd in (jaar);YYYY;1
I-46.4;Is there a PSI program?;0= No, 1= Yes;Is er een PSI-programma?;0= Nee, 1= Ja;0
I-46.4.1;If Yes > Type of primary PSI program(s);0= Unknown, 1= Academic program, 2= Public sector program, 3= CSO/Private program;Indien Publieke Sector Innovatie (PSI)-programma > Type van primair PSI-programma('s);0= Onbekend, 1= Academisch programma, 2= Publieke sectorprogramma, 3= CSO/Privaat programma;-
I-46.4.2;If Yes > PSI program URL;URL;Indien Publieke Sector Innovatie (PSI)-programma > URL van het PSI-programma;URL;2
I-46.4.3;If Yes > PSI program mandatory for new public employees?;0= Unknown, 1= Not mandatory, 2= Mandatory;Indien Publieke Sector Innovatie (PSI)-programma > Is het PSI-programma verplicht voor nieuwe overheidsmedewerkers?;0= Onbekend, 1= Niet verplicht, 2= Verplicht;NLDigital Government
I-46.5;Publishing of the results/progress in PSI programs?;0= No, 1= Yes (internal, not published),  2= Yes (public, published);Publicatie van de resultaten/voortgang in Publieke Sector Innovatie (PSI)-programma's?;0= Nee, 1= Ja (intern, niet gepubliceerd),  2= Ja (publiek, gepubliceerd);https://www.nldigitalgovernment.nl/about-digital-government/
I-46.5.1;If Yes > Supporting document (report / URL);Enter URL (public link) or Attach relevant report;Indien Publicatie van de resultaten/voortgang in Publieke Sector Innovatie (PSI)-programma's > Ondersteunend document (rapport / URL);Voer URL in (publieke link) of Voeg relevant rapport toe;2019
I-47;Is there a government entity focused on public sector innovation?;0= No, 1= Planned / In progress, 2= Yes (Established);Is er een overheidsentiteit die zich richt op innovatie in de publieke sector (PSI)?;0= Nee, 1= Gepland / In uitvoering, 2= Ja (gerealiseerd);3
I-47.1;Name of the PSI institution;Text;Naam van de Publieke Sector Innovatie (PSI)-instelling;Tekst;1
I-47.2;PSI institution URL;URL;URL van de Publieke Sector Innovatie (PSI)-instelling;URL;1
I-47.3;PSI institution was established / will be established in (year);YYYY;De Publieke Sector Innovatie (PSI)-instelling is opgericht / zal worden opgericht in (jaar);YYYY;0
I-47.4;Focus areas of PSI institution (Innovation Lab);0= Unknown, 1= Digital Skills, 2= PS Innovation, 3= Digital Skills + PS Innovation, 4= Other;Focusgebieden van de Publieke Sector Innovatie (PSI)-instelling (Innovatielab);0= Onbekend, 1= Digitale Vaardigheden, 2= Publieke Sector Innovatie, 3= Digitale Vaardigheden + Publieke Sector Innovatie, 4= Anders;-
I-47.5;Is there any collaboration on PSI with the private sector?;0= No, 1= Yes;Is er enige samenwerking op het gebied van Publieke Sector Innovatie (PSI) met de private sector?;0= Nee, 1= Ja;1
I-47.5.1;If Yes > Is there any financial support/incentive for private GovTech entities;0= No, 1= Yes;Indien enige samenwerking op het gebied van Publieke Sector Innovatie (PSI) met de private sector > is er financiële ondersteuning/stimulans voor private GovTech-entiteiten?;0= Nee, 1= Ja;Strategic Action Plan for AI
I-47.6;Publishing the PSI institution annual performance/results?;0= No, 1= Yes (internal, not published),  2= Yes (public, published);Publicatie van de jaarlijkse prestaties/resultaten van de Publieke Sector Innovatie (PSI)-instelling?;0= Nee, 1= Ja (intern, niet gepubliceerd),  2= Ja (publiek, gepubliceerd);https://www.rijksoverheid.nl/documenten/beleidsnotas/2019/10/08/strategisch-actieplan-voor-artificiele-intelligentie
I-47.6.1;If Yes > Supporting document (report / URL);Enter URL (public link) or Attach relevant report;Indien publicatie van de jaarlijkse prestaties/resultaten van de Publieke Sector Innovatie (PSI)-instelling > Ondersteunend document (rapport / URL);Voer URL in (publieke link) of Voeg relevant rapport toe;2019
I-48;Is there a government policy to support GovTech startups and private sector investments?;0= No, 1= Yes;Is er een overheidsbeleid ter ondersteuning van GovTech-startups en investeringen in de private sector?;0= Nee, 1= Ja;1
I-48.1;National policy/strategy to support GovTech startups/investments (SMEs);Text;Nationaal beleid/strategie ter ondersteuning van GovTech-startups/investeringen (MKB);Tekst;0
I-48.2;National policy/strategy URL;URL;URL van het nationale beleid/strategie;URL;0
I-48.3;National policy/strategy was approved / will be approved in (year);YYYY;Het nationale beleid/strategie is goedgekeurd / zal worden goedgekeurd in (jaar);YYYY;-
I-48.4;Does the Government provide financing to startups/SMEs for innovation?;0= No, 1= Yes;Biedt de overheid financiering aan startups/MKB voor innovatie?;0= Nee, 1= Ja;2
I-48.5;Capacity of Government to deliver online services via PPPs;0= No PPP for online services 1= Yes, PPP arrangements exist for online service delivery;Capaciteit van de overheid om online diensten te leveren via PPP's (Publiek-Private Partnerschappen);0= Geen PPP voor online diensten 1= Ja, er bestaan PPP-regelingen voor online dienstverlening;https://www.government.nl/latest/news/2021/04/21/innovative-projects-given-additional-%E2%82%AC1.35-billion-boost-due-to-funding-from-national-growth-fund
I-48.6;Is there a procurement policy aimed at prioritizing bids from startups/SMEs? (e.g., having a quota for SMEs);0= No, 1= Yes;Is er een aanbestedingsbeleid gericht op het prioriteren van biedingen van startups/MKB? (bijv. een quotum voor MKB);0= Nee, 1= Ja;R
I-48.6.1;If Yes > Supporting document (report / URL);Enter URL (public link) or Attach relevant report;Indien aanbestedingsbeleid gericht op prioriteren van biedingen van startups/MKB > Ondersteunend document (rapport / URL);Voer URL in (publieke link) of Voeg relevant rapport toe;
I-48.7;Publishing of the results/progress in supporting startups/SMEs for innovation?;0= No, 1= Yes (internal, not published),  2= Yes (public, published);Publicatie van de resultaten/voortgang in de ondersteuning van startups/MKB voor innovatie?;0= Nee, 1= Ja (intern, niet gepubliceerd),  2= Ja (publiek, gepubliceerd);
I-48.7.1;If Yes > Supporting document (report / URL);Enter URL (public link) or Attach relevant report;Indien publicatie van de resultaten/voortgang in de ondersteuning van startups/MKB voor innovatie > Ondersteunend document (rapport / URL);Voer URL in (publieke link) of Voeg relevant rapport toe;
